<?xml version="1.0" encoding="UTF-8"?>
<beans xmlns="http://www.springframework.org/schema/beans"
    xmlns:xsi="http://www.w3.org/2001/XMLSchema-instance"
	xmlns:tx="http://www.springframework.org/schema/tx"
	xmlns:mybatis="http://mybatis.org/schema/mybatis-spring"
    xsi:schemaLocation="http://www.springframework.org/schema/beans
        http://www.springframework.org/schema/beans/spring-beans.xsd
        http://www.springframework.org/schema/tx
        http://www.springframework.org/schema/tx/spring-tx.xsd
        http://mybatis.org/schema/mybatis-spring
		http://mybatis.org/schema/mybatis-spring.xsd">

	<mybatis:scan base-package="com.talelife.project.mapper" />
	
	<bean id="dataSource" class="org.apache.commons.dbcp.BasicDataSource"  
        destroy-method="close">  
        <property name="driverClassName" value="com.mysql.jdbc.Driver" />  
        <property name="url" value="jdbc:mysql://localhost:3306/test?useUnicode=true&amp;characterEncoding=UTF-8&amp;useJDBCCompliantTimezoneShift=true&amp;useLegacyDatetimeCode=false&amp;serverTimezone=UTC" />  
        <property name="username" value="root" />  
        <property name="password" value="root" />  
    </bean>
	<!-- <tx:jta-transaction-manager /> -->
	<bean id="sqlSessionFactory" class="org.mybatis.spring.SqlSessionFactoryBean">
	  <property name="dataSource" ref="dataSource" />
	  <property name="transactionFactory">
	    <bean class="org.apache.ibatis.transaction.managed.ManagedTransactionFactory" />
	  </property>  
	</bean>

	<bean id="transactionManager" class="org.springframework.jdbc.datasource.DataSourceTransactionManager">
	  <property name="dataSource" ref="dataSource" />
	</bean>
	<!-- 可通过注解控制事务 
    <tx:annotation-driven />  -->  
	
</beans>