<?xml version="1.0" encoding="UTF-8"?>
<beans xmlns="http://www.springframework.org/schema/beans"
    xmlns:xsi="http://www.w3.org/2001/XMLSchema-instance"
    xmlns:p="http://www.springframework.org/schema/p"
    xmlns:context="http://www.springframework.org/schema/context"
    xmlns:mvc="http://www.springframework.org/schema/mvc"
    xsi:schemaLocation="
        http://www.springframework.org/schema/beans
        http://www.springframework.org/schema/beans/spring-beans.xsd
        http://www.springframework.org/schema/context
        http://www.springframework.org/schema/context/spring-context.xsd
        http://www.springframework.org/schema/mvc
        http://www.springframework.org/schema/mvc/spring-mvc.xsd">
   <mvc:annotation-driven />

   <context:component-scan base-package="com.talelife.project"/>
	<!-- 对静态资源文件的访问， 将无法mapping到Controller的path交给default servlet handler处理 -->
	<!-- <mvc:default-servlet-handler /> -->
	
	<!-- springMVC静态资源不拦截 -->
	<mvc:resources mapping="/js/**" location="/js/"/>
	<mvc:resources mapping="/lib/**" location="/lib/"/>
	<mvc:resources mapping="/image/**" location="/image/"/>
	<mvc:resources mapping="/css/**" location="/css/"/>
	<mvc:resources mapping="/module/**" location="/module/"/>
	<mvc:resources mapping="/index.html" location="/"/>
</beans>